company_name,industry,website,size_estimate,location,potential_pain_points,outreach_angle
Pace Industries,Manufacturing - Die Casting,paceindustries.com,$5M-$10M,"Fayetteville, AR",Legacy ERP systems; manual quality inspection tracking,AI-powered quality control could reduce defect rates by 30%+
Baker Manufacturing,Manufacturing - Foundry,bakercast.com,$3M-$8M,"Evansville, WI",Manual scheduling and inventory management; paper-based work orders,AI scheduling optimization could improve throughput by 15-20%
Orion Engineered Carbons,Manufacturing - Chemicals,orioncarbons.com,$5M-$10M,"Houston, TX",Production forecasting relies on spreadsheets; reactive maintenance,Predictive maintenance AI could reduce unplanned downtime significantly
Rosendin Electric,Electrical Services,rosendin.com,$5M-$10M,"San Jose, CA",Project estimation takes weeks; workforce scheduling conflicts,AI estimation tools could speed up bidding by 50% and improve accuracy
Romanoff Renovation Group,Construction - Remodeling,romanoffrenovation.com,$3M-$6M,"Columbus, OH",Manual lead tracking; inconsistent follow-up with prospects,AI CRM automation could convert 20% more leads with automated follow-up
Preferred Sands,Manufacturing - Mining/Proppant,preferredsands.com,$5M-$10M,"Radnor, PA",Fleet management is manual; production planning uses spreadsheets,AI-driven logistics optimization could reduce transport costs 15%
Mars Electric,Electrical Services,marselectric.com,$2M-$5M,"Willoughby, OH",Manual estimating for large projects; technician dispatch inefficiency,AI-powered dispatch and estimating could save 10+ hours/week
Hiller Plumbing & HVAC,HVAC/Plumbing,hiller.com,$5M-$10M,"Nashville, TN",High volume of service calls; inconsistent scheduling efficiency,AI scheduling optimization could fit 15-20% more jobs per day
Len The Plumber,Plumbing,lentheplumber.com,$5M-$10M,"Baltimore, MD",Lead qualification is manual; seasonal demand forecasting is guesswork,AI demand forecasting could optimize staffing for peak seasons
Casteel Heating & Cooling,HVAC,casteel.com,$3M-$8M,"Marietta, GA",Customer follow-up is inconsistent; upsell opportunities missed,AI-driven customer journey automation could boost revenue per customer 25%
Parker & Sons,Plumbing/HVAC,parkerandsons.com,$5M-$10M,"Phoenix, AZ",Technician productivity tracking is manual; inventory waste,AI route optimization and inventory prediction could cut costs 10%
Ace Plumbing & HVAC,Plumbing/HVAC,acedenver.com,$1M-$3M,"Denver, CO",Small team means owner does everything; no system for follow-up,AI automation for scheduling and follow-up frees owner to grow business
Moore Mechanical,Plumbing/HVAC,mooremechanical.com,$2M-$4M,"Lafayette, CA",Paper-based work orders; manual invoicing delays,AI-powered workflow automation could reduce admin time by 60%
Allied Electric & Plumbing,Electrical/Plumbing,alliedservices.com,$2M-$5M,"Lansing, MI",No centralized customer database; relying on memory for reorders,AI CRM with automated reminders could drive repeat business
TruGreen Lawn Care (Franchise),Landscape/Local Services,trugreen.com,$3M-$7M,"Memphis, TN",Route optimization is manual; customer churn tracking is reactive,AI churn prediction could identify at-risk customers 60 days early
Amerisource Group,Manufacturing - Packaging,amerisource.com,$5M-$10M,"Conshohocken, PA",Manual demand planning; warehouse space utilization is suboptimal,AI demand forecasting could reduce overstock by 20-30%
Warrior Met Coal,Manufacturing - Mining,warrrior.com,$5M-$10M,"Brookwood, AL",Equipment maintenance is reactive; safety compliance tracking manual,AI predictive maintenance could reduce equipment failures 40%
Bulkmatic Transport,Logistics,bulkmatic.com,$5M-$10M,"Griffith, IN",Driver scheduling is complex; load optimization uses gut feel,AI load optimization could increase loads per truck by 10-15%
Bender Group,Logistics/3PL,bendergroup.com,$3M-$8M,"Reno, NV",Warehouse picking is inefficient; inventory counts are manual,AI-powered warehouse management could improve pick rates 25%
Fastenal,Fastener Distribution,fastenal.com,$5M-$10M,"Winona, MN",Vendor-managed inventory relies on manual counting; stockouts common,AI inventory prediction could reduce stockouts 40%
Graybar Electric,Electrical Distribution,graybar.com,$5M-$10M,"St. Louis, MO",Pricing complexity across thousands of SKUs; demand varies regionally,AI dynamic pricing and demand forecasting could improve margins 3-5%
Rexel USA,Electrical Distribution,rexelusa.com,$5M-$10M,"Dallas, TX",Customer churn not identified early; cross-sell opportunities missed,AI customer analytics could identify upsell opportunities worth 15% more revenue
Interline Brands,Plumbing Distribution,interlinebrands.com,$5M-$10M,"Jacksonville, FL",Order forecasting is spreadsheet-based; delivery routing suboptimal,AI route optimization and demand planning could save 10% on logistics
Neff Rental,Equipment Rental,neffrental.com,$5M-$10M,"Miami, FL",Equipment utilization rates vary; maintenance scheduling is reactive,AI predictive maintenance and utilization optimization could boost ROI 20%
Sunbelt Rentals (Regional),Equipment Rental,sunbeltrentals.com,$5M-$10M,"Charlotte, NC",Rental pricing not optimized by demand; fleet allocation is manual,AI-driven dynamic pricing and fleet allocation could improve revenue 10%
Pepper Construction,Construction - Commercial,pepperconstruction.com,$5M-$10M,"Chicago, IL",Project cost overruns common; subcontractor scheduling conflicts,AI project management could reduce cost overruns by 15-20%
Hensel Phelps,Construction,henselphelps.com,$5M-$10M,"Greeley, CO",Document management is chaotic; safety compliance tracking manual,AI document processing could save 20+ hours/week on compliance
Layton Construction,Construction,laytonconstruction.com,$5M-$10M,"Sandy, UT",Estimating relies on historical intuition; change order management slow,AI estimating tools could improve bid accuracy by 10-15%
DPR Construction,Construction,dpr.com,$5M-$10M,"Redwood City, CA",Labor productivity tracking is manual; materials waste is high,AI-powered project analytics could reduce waste 15% and improve scheduling
Sundt Construction,Construction,sundt.com,$5M-$10M,"Tempe, AZ",Risk assessment is done manually on each project; scheduling conflicts,AI risk prediction could flag projects likely to run over budget/schedule
Builder's FirstSource,Building Materials,buildersfirstsource.com,$5M-$10M,"Dallas, TX",Lumber pricing volatility; demand forecasting for materials,AI commodity price prediction could optimize purchasing 10-15%
US LBM,Building Materials,uslbm.com,$5M-$10M,"Buffalo Grove, IL",Inventory across multiple yards not coordinated; stockouts and overstock,AI multi-location inventory optimization could reduce carrying costs 20%
ABC Supply,Roofing Distribution,abcsupply.com,$5M-$10M,"Beloit, WI",Customer re-order prediction is manual; delivery scheduling inefficient,AI-driven customer re-order prediction could boost repeat sales 15%
SRS Distribution,Roofing Distribution,srsdistribution.com,$5M-$10M,"McKinney, TX",Pricing consistency across branches; seasonal demand swings,AI demand forecasting could smooth seasonal inventory imbalances
Ferguson Enterprises (Regional),Plumbing Distribution,ferguson.com,$5M-$10M,"Newport News, VA",Complex product catalog; technical product recommendations are manual,AI product recommendation engine could increase average order value 20%
North Pacific Group,Lumber Distribution,npf.com,$3M-$8M,"Portland, OR",Lumber grading is subjective; inventory turns too slow,AI-powered inventory optimization could improve turns by 25%
R.P. Lumber,Retail - Building Materials,rplumber.com,$3M-$7M,"Edwardsville, IL",Small chain with no data analytics; inventory decisions based on gut feel,AI inventory management could reduce dead stock 30%
84 Lumber,Retail - Building Materials,84lumber.com,$5M-$10M,"Eighty Four, PA",Customer data not leveraged; sales forecasting is manual,AI customer analytics and sales forecasting could improve targeting
Midwest Retail Solutions,Retail - General,midwestretail.com,$1M-$3M,"Columbus, OH",No e-commerce presence; customer insights are non-existent,AI-powered customer analytics could identify top revenue opportunities
Hirshfield's Paint,Retail - Paint,hirshfields.com,$3M-$6M,"Minneapolis, MN",Color matching and inventory management are manual processes,AI color matching and inventory prediction could improve customer experience
Coastal Farm & Ranch,Retail - Farm Supply,coastalfarmandranch.com,$3M-$7M,"Salem, OR",Seasonal demand planning is challenging; loyalty program data unused,AI demand forecasting and loyalty analytics could boost revenue 10%
Aubuchon Hardware,Retail - Hardware,aubuchon.com,$2M-$5M,"Westminster, MA",Small chain competing with big box; limited data on customer behavior,AI customer segmentation could enable targeted promotions
HWI (Hardware Wholesalers Inc),Retail - Hardware,hwi.com,$5M-$10M,"Fort Wayne, IN",Order prediction for contractors is manual; delivery routing inefficient,AI delivery optimization and contractor demand prediction could cut costs
Brenntag (Regional),Chemical Distribution,brenntag.com,$5M-$10M,"Reading, PA",Chemical inventory tracking manual; compliance documentation complex,AI inventory and compliance automation could reduce regulatory risk
Wesco International (Regional),Electrical Distribution,wesco.com,$5M-$10M,"Pittsburgh, PA",Pricing for project bids is slow; inventory across locations uncoordinated,AI bid optimization and inventory coordination could speed quoting 40%
MRC Global (Regional),Pipe & Valve Distribution,mrcglobal.com,$5M-$10M,"Houston, TX",Complex product catalog; demand from oil/gas is volatile,AI demand prediction could help navigate industry volatility
Houston Wire & Cable,Wire Distribution,houstonwire.com,$3M-$6M,"Houston, TX",Copper price volatility affects margins; inventory management reactive,AI commodity hedging and inventory optimization could protect margins
Nucor (Fabrication Division),Steel Fabrication,nucor.com,$5M-$10M,"Charlotte, NC",Production scheduling complexity; scrap optimization opportunities,AI production scheduling could reduce scrap 10-15% and improve throughput
Reliance Steel,Steel Distribution,rsac.com,$5M-$10M,"Los Angeles, CA",Metal pricing changes daily; customer demand prediction is manual,AI pricing optimization and demand forecasting could improve margins 3-5%
BlueLinx Holdings,Building Products Distribution,bluelinxco.com,$5M-$10M,"Atlanta, GA",Product mix optimization across thousands of SKUs; logistics costs high,AI product mix optimization and route planning could reduce costs 10%
